Network;Seconds
N3;0.368177142915624
N6;0.25118228107149987
RNN;0.16129743961538848

